<?xml version="1.0" encoding="utf-8"?>
<skin version="1.0" language="ko">
    <information>
        <name>Not Very Serious</name>
        <version>0.02</version>
        <description>
        <![CDATA[구글의 Material 디자인을 연습해보기 위해 제작해본 스킨입니다.
          추후 업그레이드 버젼에서는 로컬로그 페이지를 커스텀 텍스트 에디터 제작 연습 공간으로 사용하는 방안을 검토중 입니다.
          제작과정에서 빠른 피드백을 위해 자바스크립트를 HTML파일에서 분리시키지 않고 제작한 점 양해 부탁드립니다.
        ]]></description>
        <license><![CDATA[제작자 동의 없이 수정, 재배포 불가능합니다.]]></license>
    </information>
    <author>
        <name>Hepheir</name>
        <homepage>http://hepheir.tistory.com</homepage>
        <email>hepheir@gmail.com</email>
    </author>
    <default>
        <recentEntries>4</recentEntries><!-- 사이드바의 최근 글 표시 갯수 -->
        <recentComments>4</recentComments><!-- 사이드바의 최근 댓글 표시 갯수 -->
        <recentTrackbacks>4</recentTrackbacks><!-- 사이드바의 트랙백 표시 갯수 -->
        <itemsOnGuestbook>10</itemsOnGuestbook><!-- 한 페이지에 표시될 방명록 리스트 갯수 -->
        <tagsInCloud>30</tagsInCloud><!-- 사이드바에 표시될 태그 갯수 -->
        <sortInCloud>3</sortInCloud><!-- 태그 클라우드 표현 방식 (1:인기도 순, 2:이름 순, 3:랜덤) -->
        <expandComment>0</expandComment><!-- 댓글 영역 표현 방식 (0:감추기, 1:펼치기) -->
        <expandTrackback>0</expandTrackback><!-- 트랙백 영역 표현 방식 (0:감추기, 1:펼치기) -->
        <lengthOfRecentNotice>24</lengthOfRecentNotice><!-- 최근 공지 출력될 글자 수 -->
        <lengthOfRecentEntry>32</lengthOfRecentEntry><!-- 최근 글 출력될 글자 수 -->
        <lengthOfRecentComment>20</lengthOfRecentComment><!-- 최근 댓글 출력될 글자 수 -->
        <lengthOfRecentTrackback>20</lengthOfRecentTrackback><!-- 최근 트랙백 출력될 글자 수 -->
        <lengthOfLink>20</lengthOfLink><!-- 링크 출력될 글자 수 -->
        <showListOnCategory>1</showListOnCategory><!-- 카테고리 클릭시 리스트 표현 (0:숨김, 1:보임) -->
        <showListOnArchive>1</showListOnArchive><!-- 글 보관함 클릭시 리스트 표현 (0:숨김, 1:보임) -->
        <tree><!-- 카테고리 -->
            <color>333333</color><!-- 카테고리 글자색 -->
            <bgColor></bgColor><!-- 카테고리 배경색 -->
            <activeColor>333333</activeColor><!-- 선택시 글자색 -->
            <activeBgColor></activeBgColor><!-- 선택시 배경색 -->
            <labelLength>27</labelLength><!-- 카테고리 출력될 글자 수 -->
            <showValue>1</showValue><!-- 카테고리 글 수 표현 (0:숨김, 1:보임) -->
        </tree>
        <contentWidth>720</contentWidth><!-- 컨텐츠 영역의 넓이 -->
        <toolbar>blackBar</toolbar>
    </default>
</skin>
